job_title,company,location
Data Science,Dataquestcorp,"Branchburg, NJ"
2023 Advancing Hispanics & Latinos Fellowship Program - AI & Data Science Track,"JPMorgan Chase Bank, N.A.","New York, NY"
Data Engineering Manager,Discord,"San Francisco, CA"
Data Engineer- Remote,YT Global Network,Remote
Hiring for Data Science and AWS on w2,excelon solutuion,Remote
Science Data Visualizer- Earth Science,Science Systems & Applications,"Lanham, MD"
"Co-Op, Flight Safety: Data Science (Fall 2023)",Delta,"Atlanta, GA"
Data Science Graduate,Hewlett Packard Enterprise,"San Jose, CA"
Data Science Co-Op,Hunter Engineering,"Bridgeton, MO"
Data Scientist,Vetro Tech Inc,"Seattle, WA"
Data Science Co-Op,Electric Hydrogen,"San Carlos, CA"
Data Science (AI/ML),Anblicks,"Dallas, TX"
"Junior Fellow, Decision Science",Havas Group,"New York, NY"
Data Science Co-op (July - December 2023),Liberty Mutual Insurance,"Boston, MA"
Programs Data Science Consultant (Remote),BigHat Biosciences,"San Mateo, CA"
Data Science Analyst,The University of Chicago,"Chicago, IL"
Science Data Pipeline Operator,SETI Institute,"Mountain View, CA"
Data Science Engineer,Adobe,"Lehi, UT"
Junior Data Analyst,Cobbs Creek Healthcare,"Newtown Square, PA"
"Software Engineer, Data Science",Forward,"San Francisco, CA"
Data Science Instructor,C3 AI,"Redwood City, CA"
Data Science Associate (Remote),pulseData,"New York, NY"
NAFTO Data Science Co-op,Bayer,United States
"VP, Data Science",MediaMath,"New York, NY"
Head of Data Science,Duolingo,"New York, NY"
Post-Doctoral Researcher Data Science,University of Memphis,"Memphis, TN"
Data Science Analyst,Aristocrat Technologies Inc,"Las Vegas, NV"
Data Science Engineer,Adobe,"Franklin, VA"
2023 Focused Analytics Solutions Team (FAST) Full-Time Associate Program - Data Science,"JPMorgan Chase Bank, N.A.","Plano, TX"
2023 Advancing Black Pathways Fellowship Program - AI & Data Science Track,"JPMorgan Chase Bank, N.A.","New York, NY"
Data Scientist - Decision Science - Chase,"JPMorgan Chase Bank, N.A.","New York, NY"
"Associate Data Scientist, Operations Decision Science",Delta,"Atlanta, GA"
